{"round": 5, "accuracy": 0.9988413471602342, "precision": 0.9047635767203198, "recall": 0.26943033098967717, "f1": 0.37067802437853065, "status": "Complete", "node_metrics": {"Node 0": {"accuracy": 0.9990519881248474, "f1": 0.35714285714285715}, "Node 1": {"accuracy": 0.9985253214836121, "f1": 0.5882352941176471}, "Node 2": {"accuracy": 0.9989467263221741, "f1": 0.16666666666666666}}}